Staff,zh_CN,intl
Rominwolf,https://weibo.com/u/5062069865,https://twitter.com/Rominwolf
GRtheGreat,https://weibo.com/u/6141025798,,
GR_theGreat,,https://twitter.com/GR_theGreat
参咸犬,https://weibo.com/n/%E5%8F%82%E5%92%B8%E7%8A%AC,
tiAnsxq,,https://twitter.com/tiAnsxq
二甲庚烯,https://space.bilibili.com/14985484,
EJheptene,,https://twitter.com/EJheptene
Link林沛儒,https://space.bilibili.com/511365691,
ItzSocn,https://github.com/Socn,https://twitter.com/ItzSocn
Iam0rang3,,https://twitter.com/Iam0rang3
staufdraws,,https://twitter.com/staufdraws
Anthemics,,https://twitter.com/Anthemics
REDproductions,,https://pixabay.com/zh/users/redproductions-970568
Linkmusicnow,,https://www.instagram.com/linkmusicnow
compymono,,https://twitter.com/compymono
GeorgeSquares,,https://twitter.com/GeorgeSquares
EchoTheVN,,https://twitter.com/EchoTheVN
Opossoll,,https://twitter.com/Opossoll
OpenAI,,https://openai.com
Placidplace,,https://pixabay.com/zh/users/placidplace-25572496/
Croissant_Daily,,https://twitter.com/Croissant_Daily
Github,,https://github.com/HelloVNProject
,,
,,
,,
,,
,,
,,
,,
,,
,,
,,
,,
,,
,,
,,
,,
,,
,,
,,
,,
,,
,,
,,
,,
,,
,,
,,
,,
,,
,,
,,
,,
,,
,,
,,
,,
,,
,,
,,
,,
,,
,,
,,
,,
,,
,,
,,
,,
,,
,,
,,
,,
,,
,,
,,
,,
,,
,,
,,
,,
,,
,,
,,
,,
,,
,,
,,
,,
,,
,,
,,
,,
,,
,,
,,
,,
,,
,,
,,
,,
,,
,,
,,
,,
,,
,,
,,
,,
,,
,,
,,
,,
,,
,,
,,
,,
,,
,,
,,
,,
,,
,,
,,
,,
,,
,,
,,
,,
,,
,,
,,
,,
,,
,,
,,
,,
,,
,,
,,
,,
,,
,,
,,
,,
,,
,,
,,
,,
,,
,,
,,
,,
,,
,,
,,
,,
,,
,,
,,
,,
,,
,,
,,
,,
,,
,,
,,
,,
,,
,,
,,
,,
,,
,,
,,
,,
,,
,,
,,
,,
,,
,,
,,
,,
,,
,,
,,
,,
,,
,,
,,
,,
,,
,,
,,
,,
,,
,,
,,
,,
,,
